seed,alpha,temperature,val_top1,val_top3,val_policy_ce,best_val_objective,best_epoch,epochs_completed,train_seconds,checkpoint
7,0.25,1.0,0.23692636072572038,0.451307363927428,2.839114605171831,2.1892289318931524,19,20,104.71901502698893,/mnt/c/Users/danie/Repositories/DLEngine/checkpoints/comparison_v4/seed_7/student_distilled_a0p25_t1p0.pt
7,0.25,2.0,0.22985592315901815,0.4491728922091782,2.841337773690483,2.1900423567984633,19,20,117.57535604698933,/mnt/c/Users/danie/Repositories/DLEngine/checkpoints/comparison_v4/seed_7/student_distilled_a0p25_t2p0.pt
7,0.25,4.0,0.2322572038420491,0.4570437566702241,2.8375318597449564,2.1839010239665257,19,20,116.68162471300457,/mnt/c/Users/danie/Repositories/DLEngine/checkpoints/comparison_v4/seed_7/student_distilled_a0p25_t4p0.pt
7,0.5,1.0,0.2483991462113127,0.4518409818569904,2.8451954946955595,1.4737166644669393,20,20,119.28216041100677,/mnt/c/Users/danie/Repositories/DLEngine/checkpoints/comparison_v4/seed_7/student_distilled_a0p50_t1p0.pt
7,0.5,2.0,0.24813233724653147,0.4554429028815368,2.8452150816596813,1.4760676325957829,20,20,109.10885318697547,/mnt/c/Users/danie/Repositories/DLEngine/checkpoints/comparison_v4/seed_7/student_distilled_a0p50_t2p0.pt
7,0.5,4.0,0.24426360725720384,0.45090715048025615,2.8453782953345788,1.4753918220292033,20,20,107.0412658660207,/mnt/c/Users/danie/Repositories/DLEngine/checkpoints/comparison_v4/seed_7/student_distilled_a0p50_t4p0.pt
7,0.75,1.0,0.24719850586979722,0.4483724653148346,2.849862281133678,0.7537947582078972,20,20,104.83631106599933,/mnt/c/Users/danie/Repositories/DLEngine/checkpoints/comparison_v4/seed_7/student_distilled_a0p75_t1p0.pt
7,0.75,2.0,0.24279615795090714,0.44783884738527213,2.8508050434108476,0.7546909414589595,20,20,104.53343371700612,/mnt/c/Users/danie/Repositories/DLEngine/checkpoints/comparison_v4/seed_7/student_distilled_a0p75_t2p0.pt
7,0.75,4.0,0.24453041622198507,0.44770544290288156,2.847156924142909,0.7539630735823795,20,20,100.0905689499923,/mnt/c/Users/danie/Repositories/DLEngine/checkpoints/comparison_v4/seed_7/student_distilled_a0p75_t4p0.pt
17,0.25,1.0,0.2402614727854856,0.45424226254002137,2.8405923247973464,2.19031206546242,20,20,93.28756119700847,/mnt/c/Users/danie/Repositories/DLEngine/checkpoints/comparison_v4/seed_17/student_distilled_a0p25_t1p0.pt
17,0.25,2.0,0.24386339381003203,0.4555763073639274,2.8399633200980303,2.1913524106574287,20,20,100.77727033098927,/mnt/c/Users/danie/Repositories/DLEngine/checkpoints/comparison_v4/seed_17/student_distilled_a0p25_t2p0.pt
17,0.25,4.0,0.24439701173959444,0.4505069370330843,2.8414470981508333,2.1952392009177357,20,20,120.69011687499005,/mnt/c/Users/danie/Repositories/DLEngine/checkpoints/comparison_v4/seed_17/student_distilled_a0p25_t4p0.pt
17,0.5,1.0,0.21251334044823905,0.4302294557097118,2.8432218628988193,1.48473613150219,20,20,104.93377026400412,/mnt/c/Users/danie/Repositories/DLEngine/checkpoints/comparison_v4/seed_17/student_distilled_a0p50_t1p0.pt
17,0.5,2.0,0.21398078975453574,0.4554429028815368,2.838415864437596,1.4805518658463956,20,20,95.32477620700956,/mnt/c/Users/danie/Repositories/DLEngine/checkpoints/comparison_v4/seed_17/student_distilled_a0p50_t2p0.pt
17,0.5,4.0,0.21504802561366063,0.4555763073639274,2.8400279203372167,1.4846867647344046,20,20,96.68240409699501,/mnt/c/Users/danie/Repositories/DLEngine/checkpoints/comparison_v4/seed_17/student_distilled_a0p50_t4p0.pt
17,0.75,1.0,0.21558164354322304,0.43143009605122734,2.8439789797987474,0.7662911010526415,20,20,97.56304933101637,/mnt/c/Users/danie/Repositories/DLEngine/checkpoints/comparison_v4/seed_17/student_distilled_a0p75_t1p0.pt
17,0.75,2.0,0.21237993596584845,0.4331643543223052,2.8426788751445433,0.7679128222557117,20,20,99.33122222899692,/mnt/c/Users/danie/Repositories/DLEngine/checkpoints/comparison_v4/seed_17/student_distilled_a0p75_t2p0.pt
17,0.75,4.0,0.21544823906083244,0.43503201707577377,2.837869487678992,0.7623974715887292,20,20,95.69302158700884,/mnt/c/Users/danie/Repositories/DLEngine/checkpoints/comparison_v4/seed_17/student_distilled_a0p75_t4p0.pt
27,0.25,1.0,0.22398612593383138,0.4597118463180363,2.8384244434352617,2.1803466619778598,19,20,104.37536950799404,/mnt/c/Users/danie/Repositories/DLEngine/checkpoints/comparison_v4/seed_27/student_distilled_a0p25_t1p0.pt
27,0.25,2.0,0.2101120597652081,0.45731056563500533,2.8365391405058773,2.182541887686372,20,20,100.81330578398774,/mnt/c/Users/danie/Repositories/DLEngine/checkpoints/comparison_v4/seed_27/student_distilled_a0p25_t2p0.pt
27,0.25,4.0,0.20797758804695837,0.4551760939167556,2.8362496474254857,2.1805380189685963,20,20,105.72965426699375,/mnt/c/Users/danie/Repositories/DLEngine/checkpoints/comparison_v4/seed_27/student_distilled_a0p25_t4p0.pt
27,0.5,1.0,0.24813233724653147,0.4621131270010672,2.8382849362514824,1.4704089275419139,20,20,108.3482742519991,/mnt/c/Users/danie/Repositories/DLEngine/checkpoints/comparison_v4/seed_27/student_distilled_a0p50_t1p0.pt
27,0.5,2.0,0.23038954108858056,0.45771077908217717,2.838913469965964,1.4708437191892967,20,20,109.85180850702454,/mnt/c/Users/danie/Repositories/DLEngine/checkpoints/comparison_v4/seed_27/student_distilled_a0p50_t2p0.pt
27,0.5,4.0,0.24279615795090714,0.4539754535752401,2.8346794442916754,1.4677222789033628,20,20,95.97167020800407,/mnt/c/Users/danie/Repositories/DLEngine/checkpoints/comparison_v4/seed_27/student_distilled_a0p50_t4p0.pt
27,0.75,1.0,0.2389274279615795,0.4597118463180363,2.8449015141551244,0.752611609635002,20,20,111.16073681900161,/mnt/c/Users/danie/Repositories/DLEngine/checkpoints/comparison_v4/seed_27/student_distilled_a0p75_t1p0.pt
27,0.75,2.0,0.2418623265741729,0.4610458911419424,2.8420736736269108,0.7513652355464825,20,20,102.5472466200008,/mnt/c/Users/danie/Repositories/DLEngine/checkpoints/comparison_v4/seed_27/student_distilled_a0p75_t2p0.pt
27,0.75,4.0,0.24119530416221985,0.4586446104589114,2.838209947119909,0.7497822763825684,20,20,98.43489108397625,/mnt/c/Users/danie/Repositories/DLEngine/checkpoints/comparison_v4/seed_27/student_distilled_a0p75_t4p0.pt
37,0.25,1.0,0.22305229455709713,0.45917822838847383,2.832274706920921,2.186131395423425,20,20,95.446214273019,/mnt/c/Users/danie/Repositories/DLEngine/checkpoints/comparison_v4/seed_37/student_distilled_a0p25_t1p0.pt
37,0.25,2.0,0.24106189967982924,0.4589114194236926,2.832137482652288,2.186219922760889,20,20,92.84636599299847,/mnt/c/Users/danie/Repositories/DLEngine/checkpoints/comparison_v4/seed_37/student_distilled_a0p25_t2p0.pt
37,0.25,4.0,0.24079509071504804,0.45731056563500533,2.829592787468828,2.1828442899750797,20,20,93.78093668198562,/mnt/c/Users/danie/Repositories/DLEngine/checkpoints/comparison_v4/seed_37/student_distilled_a0p25_t4p0.pt
37,0.5,1.0,0.2498665955176094,0.4605122732123799,2.8373800494500387,1.4854264230076761,20,20,89.57854432499153,/mnt/c/Users/danie/Repositories/DLEngine/checkpoints/comparison_v4/seed_37/student_distilled_a0p50_t1p0.pt
37,0.5,2.0,0.24653148345784417,0.4615795090715048,2.834207173472662,1.4828442810948146,20,20,86.59960089297965,/mnt/c/Users/danie/Repositories/DLEngine/checkpoints/comparison_v4/seed_37/student_distilled_a0p50_t2p0.pt
37,0.5,4.0,0.24586446104589113,0.4621131270010672,2.832701960393688,1.4810732891872573,20,20,87.59129283801303,/mnt/c/Users/danie/Repositories/DLEngine/checkpoints/comparison_v4/seed_37/student_distilled_a0p50_t4p0.pt
37,0.75,1.0,0.2521344717182497,0.46064567769477055,2.8408096404060355,0.7708386044746529,20,20,90.10832225799095,/mnt/c/Users/danie/Repositories/DLEngine/checkpoints/comparison_v4/seed_37/student_distilled_a0p75_t1p0.pt
37,0.75,2.0,0.24719850586979722,0.46278014941302026,2.8410332139299164,0.7713032550592942,20,20,90.06450707398471,/mnt/c/Users/danie/Repositories/DLEngine/checkpoints/comparison_v4/seed_37/student_distilled_a0p75_t2p0.pt
37,0.75,4.0,0.25253468516542155,0.4599786552828175,2.8377552755105455,0.7655400484959369,20,20,87.67743207499734,/mnt/c/Users/danie/Repositories/DLEngine/checkpoints/comparison_v4/seed_37/student_distilled_a0p75_t4p0.pt
47,0.25,1.0,0.2434631803628602,0.45610992529348987,2.837013821973363,2.1930012878511604,20,20,85.51867076999042,/mnt/c/Users/danie/Repositories/DLEngine/checkpoints/comparison_v4/seed_47/student_distilled_a0p25_t1p0.pt
47,0.25,2.0,0.24706510138740662,0.45624332977588045,2.8358324116042226,2.1929324594353155,20,20,86.46746496498236,/mnt/c/Users/danie/Repositories/DLEngine/checkpoints/comparison_v4/seed_47/student_distilled_a0p25_t2p0.pt
47,0.25,4.0,0.2418623265741729,0.4594450373532551,2.835788487624715,2.1938259001093714,20,20,87.61228669399861,/mnt/c/Users/danie/Repositories/DLEngine/checkpoints/comparison_v4/seed_47/student_distilled_a0p25_t4p0.pt
47,0.5,1.0,0.24573105656350053,0.4631803628601921,2.831012111590537,1.484444720131865,20,20,88.0343982000195,/mnt/c/Users/danie/Repositories/DLEngine/checkpoints/comparison_v4/seed_47/student_distilled_a0p50_t1p0.pt
47,0.5,2.0,0.24506403415154748,0.4631803628601921,2.8312714341610445,1.4836223841731297,20,20,93.0617728419893,/mnt/c/Users/danie/Repositories/DLEngine/checkpoints/comparison_v4/seed_47/student_distilled_a0p50_t2p0.pt
47,0.5,4.0,0.24413020277481323,0.4578441835645678,2.832247015251803,1.4850913461778819,20,20,89.99328983397572,/mnt/c/Users/danie/Repositories/DLEngine/checkpoints/comparison_v4/seed_47/student_distilled_a0p50_t4p0.pt
47,0.75,1.0,0.22732123799359658,0.4583778014941302,2.8381640145211233,0.7754232790579536,20,20,88.75938870597747,/mnt/c/Users/danie/Repositories/DLEngine/checkpoints/comparison_v4/seed_47/student_distilled_a0p75_t1p0.pt
47,0.75,2.0,0.19983991462113126,0.46144610458911417,2.8339611738443122,0.7727075992042761,20,20,91.70646429498447,/mnt/c/Users/danie/Repositories/DLEngine/checkpoints/comparison_v4/seed_47/student_distilled_a0p75_t2p0.pt
47,0.75,4.0,0.21504802561366063,0.4602454642475987,2.836276486436484,0.7724774820191375,20,20,88.50897889400949,/mnt/c/Users/danie/Repositories/DLEngine/checkpoints/comparison_v4/seed_47/student_distilled_a0p75_t4p0.pt
57,0.25,1.0,0.23118996798292424,0.46224653148345785,2.843047954738458,2.193470387982966,20,20,87.93998098702286,/mnt/c/Users/danie/Repositories/DLEngine/checkpoints/comparison_v4/seed_57/student_distilled_a0p25_t1p0.pt
57,0.25,2.0,0.2310565635005336,0.45197438633938103,2.8416556467241514,2.1941072548975176,18,20,88.972291640006,/mnt/c/Users/danie/Repositories/DLEngine/checkpoints/comparison_v4/seed_57/student_distilled_a0p25_t2p0.pt
57,0.25,4.0,0.2321237993596585,0.45717716115261475,2.8417637223495107,2.195486556504045,18,20,91.32113455201034,/mnt/c/Users/danie/Repositories/DLEngine/checkpoints/comparison_v4/seed_57/student_distilled_a0p25_t4p0.pt
57,0.5,1.0,0.22852187833511206,0.46224653148345785,2.84303421119234,1.4837160553214643,20,20,89.43724180199206,/mnt/c/Users/danie/Repositories/DLEngine/checkpoints/comparison_v4/seed_57/student_distilled_a0p50_t1p0.pt
57,0.5,2.0,0.23145677694770544,0.46091248665955176,2.8375446966897973,1.4825042670666218,20,20,88.49711939800181,/mnt/c/Users/danie/Repositories/DLEngine/checkpoints/comparison_v4/seed_57/student_distilled_a0p50_t2p0.pt
57,0.5,4.0,0.2290554962646745,0.46491462113127,2.8380327044072757,1.4814344421903758,20,20,87.98497628999758,/mnt/c/Users/danie/Repositories/DLEngine/checkpoints/comparison_v4/seed_57/student_distilled_a0p50_t4p0.pt
57,0.75,1.0,0.2291889007470651,0.4582443970117396,2.846390292636867,0.7700359103773803,20,20,89.00818858499406,/mnt/c/Users/danie/Repositories/DLEngine/checkpoints/comparison_v4/seed_57/student_distilled_a0p75_t1p0.pt
57,0.75,2.0,0.22865528281750266,0.45744397011739596,2.8426688890446976,0.7675799247803785,20,20,86.71839307699702,/mnt/c/Users/danie/Repositories/DLEngine/checkpoints/comparison_v4/seed_57/student_distilled_a0p75_t2p0.pt
57,0.75,4.0,0.22665421558164353,0.4597118463180363,2.8419639186390944,0.7687154786945535,19,20,90.2114155839954,/mnt/c/Users/danie/Repositories/DLEngine/checkpoints/comparison_v4/seed_57/student_distilled_a0p75_t4p0.pt
67,0.25,1.0,0.21398078975453574,0.4583778014941302,2.8397726910854733,2.1815160842435466,20,20,89.43582693097414,/mnt/c/Users/danie/Repositories/DLEngine/checkpoints/comparison_v4/seed_67/student_distilled_a0p25_t1p0.pt
67,0.25,2.0,0.21344717182497333,0.4554429028815368,2.8360649188274762,2.180087941178899,20,20,90.00883872399572,/mnt/c/Users/danie/Repositories/DLEngine/checkpoints/comparison_v4/seed_67/student_distilled_a0p25_t2p0.pt
67,0.25,4.0,0.21584845250800427,0.46011205976520814,2.837664203175613,2.1819526482544433,20,20,96.69898519600974,/mnt/c/Users/danie/Repositories/DLEngine/checkpoints/comparison_v4/seed_67/student_distilled_a0p25_t4p0.pt
67,0.5,1.0,0.2115795090715048,0.4567769477054429,2.8350394858621866,1.4644922420080342,20,20,95.90952657800517,/mnt/c/Users/danie/Repositories/DLEngine/checkpoints/comparison_v4/seed_67/student_distilled_a0p50_t1p0.pt
67,0.5,2.0,0.21344717182497333,0.4599786552828175,2.8312858056869423,1.462472923664553,20,20,92.71473419500398,/mnt/c/Users/danie/Repositories/DLEngine/checkpoints/comparison_v4/seed_67/student_distilled_a0p50_t2p0.pt
67,0.5,4.0,0.22798826040554962,0.4555763073639274,2.8352399773124444,1.4632028988865677,19,20,96.74963618000038,/mnt/c/Users/danie/Repositories/DLEngine/checkpoints/comparison_v4/seed_67/student_distilled_a0p50_t4p0.pt
67,0.75,1.0,0.2389274279615795,0.45584311632870866,2.839187492555844,0.7458334807525195,20,20,87.50636342700454,/mnt/c/Users/danie/Repositories/DLEngine/checkpoints/comparison_v4/seed_67/student_distilled_a0p75_t1p0.pt
67,0.75,2.0,0.23946104589114195,0.45744397011739596,2.833014470154346,0.7421052978794501,20,20,86.16943969699787,/mnt/c/Users/danie/Repositories/DLEngine/checkpoints/comparison_v4/seed_67/student_distilled_a0p75_t2p0.pt
67,0.75,4.0,0.2387940234791889,0.45570971184631803,2.831435298207221,0.742996306213269,20,20,85.79120554501424,/mnt/c/Users/danie/Repositories/DLEngine/checkpoints/comparison_v4/seed_67/student_distilled_a0p75_t4p0.pt
77,0.25,1.0,0.24573105656350053,0.4566435432230523,2.8376588500805573,2.1801765038847543,20,20,92.5358966710046,/mnt/c/Users/danie/Repositories/DLEngine/checkpoints/comparison_v4/seed_77/student_distilled_a0p25_t1p0.pt
77,0.25,2.0,0.23812700106723586,0.45250800426894344,2.8374441171277676,2.180286011039384,20,20,94.10940988900256,/mnt/c/Users/danie/Repositories/DLEngine/checkpoints/comparison_v4/seed_77/student_distilled_a0p25_t2p0.pt
77,0.25,4.0,0.21491462113127002,0.4531750266808965,2.836113148336095,2.179067689555686,19,20,86.82339882399538,/mnt/c/Users/danie/Repositories/DLEngine/checkpoints/comparison_v4/seed_77/student_distilled_a0p25_t4p0.pt
77,0.5,1.0,0.24306296691568838,0.45931163287086446,2.8350909629015684,1.4632618235167725,20,20,87.71853226100211,/mnt/c/Users/danie/Repositories/DLEngine/checkpoints/comparison_v4/seed_77/student_distilled_a0p50_t1p0.pt
77,0.5,2.0,0.24719850586979722,0.45570971184631803,2.8315645523743034,1.461617646884002,20,20,86.61027754101087,/mnt/c/Users/danie/Repositories/DLEngine/checkpoints/comparison_v4/seed_77/student_distilled_a0p50_t2p0.pt
77,0.5,4.0,0.24159551760939169,0.4569103521878335,2.8308520502825303,1.4608610290855073,20,20,88.28733835701132,/mnt/c/Users/danie/Repositories/DLEngine/checkpoints/comparison_v4/seed_77/student_distilled_a0p50_t4p0.pt
77,0.75,1.0,0.20691035218783352,0.461846318036286,2.832090420809474,0.74191414533837,20,20,85.97690373001387,/mnt/c/Users/danie/Repositories/DLEngine/checkpoints/comparison_v4/seed_77/student_distilled_a0p75_t1p0.pt
77,0.75,2.0,0.2213180362860192,0.4623799359658485,2.8304809798807575,0.7407192858840511,20,20,91.01751476700883,/mnt/c/Users/danie/Repositories/DLEngine/checkpoints/comparison_v4/seed_77/student_distilled_a0p75_t2p0.pt
77,0.75,4.0,0.23185699039487725,0.4583778014941302,2.829521432121383,0.7414370913897406,20,20,89.73934803798329,/mnt/c/Users/danie/Repositories/DLEngine/checkpoints/comparison_v4/seed_77/student_distilled_a0p75_t4p0.pt
