condition,family,method,checkpoint,positions,top1,top3,policy_ce,value_mse,value_rmse,value_pearson,params,prunable_params,nonzero_prunable_params,actual_sparsity,sparsity_target,actual_model_mb,sparse_estimated_mb,cpu_latency_ms,gpu_latency_ms,peak_gpu_mb,train_seconds,epochs_completed,val_top1,val_top3,val_policy_ce,cpu_latency_q1_ms,cpu_latency_q3_ms,cpu_latency_trials,seed
teacher_fp32,teacher,baseline,/mnt/c/Users/danie/Repositories/DLEngine/checkpoints/comparison_v4/seed_7/teacher_fp32.pt,7475,0.25070234113712375,0.45551839464882943,2.835493578703507,0.04905075952410698,0.2214740606123141,0.7839900851249695,12212225,12190208,12190207,8.203305468246214e-08,,46.58998394012451,,2.317876039984791,0.9361691999947652,311.4150390625,113.02566250099335,14,0.2497331910352188,0.46278014941302026,2.826168455970707,2.3039860466572764,2.7387120900190594,"[3.0898196433554403, 3.1644464500520066, 2.317876039984791, 2.3078859332599677, 2.387604536682678, 2.3000861600545854, 2.266735896700993]",7
student_direct,student,direct_training,/mnt/c/Users/danie/Repositories/DLEngine/checkpoints/comparison_v4/seed_7/student_direct.pt,7475,0.23959866220735787,0.4461538461538462,2.8571001301322094,0.047248829156160355,0.21736795797946015,0.7898088693618774,2970113,2949248,2949248,0.0,,11.334151268005371,,0.4199751833220944,0.24571652659991136,210.47412109375,102.30569772102172,20,0.24319637139807898,0.45757737459978653,2.844043618205263,0.38916209169353044,0.4329249000390215,"[0.3671927167063889, 0.38938396668527275, 0.4394195767235942, 0.4199751833220944, 0.3889402167017882, 0.42643022335444886, 0.4523781966418028]",7
student_distilled,student,distillation,/mnt/c/Users/danie/Repositories/DLEngine/checkpoints/comparison_v4/seed_7/student_distilled_a0p50_t2p0.pt,7475,0.24735785953177258,0.44722408026755855,2.8534190668788644,0.047440122812986374,0.21780753617124082,0.7898497581481934,2970113,2949248,2949248,0.0,,11.334399223327637,,0.4208445266704075,0.3382378800112444,253.5126953125,109.10885318697547,20,0.24813233724653147,0.4554429028815368,2.8452150816596813,0.4052440700373457,0.4264773016620893,"[0.3563711033590759, 0.40128157668126124, 0.4265733399855283, 0.40920656339343014, 0.4208445266704075, 0.42722600997270394, 0.4263812633386503]",7
teacher_int8,teacher,quantization,/mnt/c/Users/danie/Repositories/DLEngine/checkpoints/comparison_v4/seed_7/teacher_int8.pt,7475,0.24989966555183946,0.45364548494983276,2.8354535630076225,0.048889465630054474,0.22110962355821256,0.784142792224884,12212225,12190208,12190207,8.203305468246214e-08,,11.716753959655762,,0.49478461005492136,,0.0,0.0,0,0.2505336179295624,0.4626467449306297,2.825774421305132,0.4714345016691368,0.5745833099839122,"[0.4613555466251758, 0.4589859367115423, 0.49478461005492136, 0.4815134567130978, 0.6095997233448239, 0.5837242433335632, 0.5654423766342612]",7
teacher_control,teacher,control,/mnt/c/Users/danie/Repositories/DLEngine/checkpoints/comparison_v4/seed_7/teacher_control.pt,7475,0.24896321070234115,0.46327759197324414,2.8345339186295218,0.04719022288918495,0.21723310725850456,0.7902340292930603,12212225,12190208,12190207,8.203305468246214e-08,,46.5896577835083,,2.1921813533602594,,0.0,7.172244184999727,1,0.25066702241195304,0.4705176093916756,2.819586112888544,2.11798253832967,2.2620357266957094,"[2.2592920333651514, 2.3850344866514206, 2.1921813533602594, 2.151613896712661, 2.2647794200262674, 2.0440474599793865, 2.0843511799466796]",7
teacher_pruned_25,teacher,pruning,/mnt/c/Users/danie/Repositories/DLEngine/checkpoints/comparison_v4/seed_7/teacher_pruned_25.pt,7475,0.24147157190635452,0.465685618729097,2.8338731253186995,0.04678547754883766,0.21629950889643199,0.7905364036560059,12212225,12190208,9142656,0.25,0.25,46.58968448638916,69.83691787719727,2.208224150041739,,0.0,7.503234748990508,1,0.2386606189967983,0.4727854855923159,2.8192042640331842,2.1397167566465214,2.3114236316663055,"[2.208224150041739, 2.6042947066404545, 2.3241046566787795, 2.1316532566561364, 2.1477802566369064, 2.1212680266277553, 2.298742606653832]",7
teacher_pruned_50,teacher,pruning,/mnt/c/Users/danie/Repositories/DLEngine/checkpoints/comparison_v4/seed_7/teacher_pruned_50.pt,7475,0.2359866220735786,0.46060200668896323,2.8289019557225665,0.045822624117136,0.21406219684273073,0.7950684428215027,12212225,12190208,6095104,0.5,0.5,46.58968448638916,46.585941314697266,2.2385321132605895,,0.0,6.969768039998598,1,0.23479188900747064,0.47358591248665954,2.8156997727482653,2.1428621433733497,2.261133238304562,"[2.040971913277948, 2.4180148600135, 2.1401585900457576, 2.1455656967009418, 2.2385321132605895, 2.268342759925872, 2.2539237166832513]",7
teacher_pruned_75,teacher,pruning,/mnt/c/Users/danie/Repositories/DLEngine/checkpoints/comparison_v4/seed_7/teacher_pruned_75.pt,7475,0.24976588628762542,0.46220735785953176,2.8158774020281125,0.05297574773430824,0.2301646100822371,0.7734412550926208,12212225,12190208,3047552,0.75,0.75,46.58968448638916,23.334964752197266,2.046928860072512,,0.0,7.4259970060084015,1,0.2482657417289221,0.47091782283884737,2.8018385099372334,2.028308115016747,2.0861623700087266,"[2.088092743360903, 2.4640297532702484, 2.038601713332658, 2.0113689632853493, 2.0842319966565506, 2.046928860072512, 2.0180145167008354]",7
student_distilled_int8,student,combined,/mnt/c/Users/danie/Repositories/DLEngine/checkpoints/comparison_v4/seed_7/student_distilled_int8.pt,7475,0.2420066889632107,0.4434782608695652,2.854054384359149,0.048483334481716156,0.22018931509434367,0.7861127853393555,2970113,2949248,2949248,0.0,,2.8996877670288086,,0.2462354266511587,,0.0,0.0,0,0.24226254002134473,0.45330843116328706,2.8459091932058587,0.23667264496907592,0.2694240599521436,"[0.2890362299513072, 0.30792135997520137, 0.2462354266511587, 0.22765430330764502, 0.22590153996134177, 0.2456909866305068, 0.24981188995297998]",7
student_distilled_control,student,control,/mnt/c/Users/danie/Repositories/DLEngine/checkpoints/comparison_v4/seed_7/student_distilled_control.pt,7475,0.24481605351170568,0.4511036789297659,2.8494892890317782,0.04773026704788208,0.2184725773361089,0.790118932723999,2970113,2949248,2949248,0.0,,11.333992958068848,,0.36746406335926923,,0.0,4.050789955013897,1,0.24533084311632872,0.45917822838847383,2.8380440607142168,0.3648706133147547,0.3850473183653473,"[0.4649007966509089, 0.40139871339003247, 0.36746406335926923, 0.3656046832717645, 0.3629975299312112, 0.3641365433577448, 0.3686959233406621]",7
student_distilled_pruned_25,student,combined,/mnt/c/Users/danie/Repositories/DLEngine/checkpoints/comparison_v4/seed_7/student_distilled_pruned_25.pt,7475,0.2450836120401338,0.4480267558528428,2.8472878810474307,0.04688721522688866,0.21653455896666624,0.7909720540046692,2970113,2949248,2211936,0.25,0.25,11.334019660949707,16.955326080322266,0.33955882662363973,,0.0,4.233499987021787,1,0.24519743863393811,0.46011205976520814,2.836403685165698,0.3385548150011649,0.38958960498954787,"[0.49009121003715944, 0.42167752331200364, 0.35750168666709214, 0.33814463337572914, 0.3310699266148731, 0.3389649966266006, 0.33955882662363973]",7
student_distilled_pruned_50,student,combined,/mnt/c/Users/danie/Repositories/DLEngine/checkpoints/comparison_v4/seed_7/student_distilled_pruned_50.pt,7475,0.23959866220735787,0.4450836120401338,2.838006840709061,0.06581497192382812,0.2565442884256598,0.697043776512146,2970113,2949248,1474624,0.5,0.5,11.334019660949707,11.330081939697266,0.3854802133476672,,0.0,3.8289906030113343,1,0.24266275346851654,0.4535752401280683,2.828672895309383,0.36169585495372303,0.4065631533255024,"[0.48422776996934164, 0.4180245066527277, 0.39510179999827716, 0.36093430331675336, 0.3624574065906927, 0.3854802133476672, 0.35568314662668854]",7
student_distilled_pruned_75,student,combined,/mnt/c/Users/danie/Repositories/DLEngine/checkpoints/comparison_v4/seed_7/student_distilled_pruned_75.pt,7475,0.21244147157190635,0.4346488294314381,2.8646023719685534,0.09914413094520569,0.3148716102559989,0.49475914239883423,2970113,2949248,737312,0.75,0.75,11.334019660949707,5.704837799072266,0.37416176666738465,,0.0,3.7517527769959997,1,0.21731590181430097,0.43810032017075773,2.8564343180193337,0.37092944665346295,0.42787370000345015,"[0.5335607699817047, 0.4034016633522697, 0.45234573665463057, 0.37416176666738465, 0.3641288199772437, 0.37377826995604363, 0.36808062335088226]",7
teacher_fp32,teacher,baseline,/mnt/c/Users/danie/Repositories/DLEngine/checkpoints/comparison_v4/seed_17/teacher_fp32.pt,7475,0.22247491638795985,0.43759197324414717,2.832712008562375,0.05043284222483635,0.22457257674265652,0.7747573852539062,12212225,12190208,12190207,8.203305468246214e-08,,46.58998394012451,,2.4124326066036397,0.575960669957567,309.6650390625,119.94019161199685,16,0.22705442902881537,0.45144076840981856,2.81782654916973,2.3261140533334883,2.4367221600065627,"[2.423155969978931, 2.4502883500341945, 2.276266610036449, 2.341450050007552, 2.5522273533473103, 2.310778056659425, 2.4124326066036397]",17
student_direct,student,direct_training,/mnt/c/Users/danie/Repositories/DLEngine/checkpoints/comparison_v4/seed_17/student_direct.pt,7475,0.23491638795986622,0.445752508361204,2.8619778741243294,0.048563212156295776,0.22037062453125592,0.7843629121780396,2970113,2949248,2949248,0.0,,11.334151268005371,,0.34311809674060595,0.16681373672327027,209.97412109375,77.68037715301034,20,0.24279615795090714,0.45277481323372465,2.846880910236273,0.3397129250030654,0.363823911708702,"[0.36930538995269063, 0.3393294333363883, 0.36284842004533857, 0.36479940337206546, 0.34311809674060595, 0.33366624993504956, 0.3400964166697425]",17
student_distilled,student,distillation,/mnt/c/Users/danie/Repositories/DLEngine/checkpoints/comparison_v4/seed_17/student_distilled_a0p50_t2p0.pt,7475,0.21016722408026756,0.44842809364548497,2.847529699012986,0.04918665066361427,0.22178063635857453,0.7844718098640442,2970113,2949248,2949248,0.0,,11.334399223327637,,0.3423830832859191,0.1710662167170085,253.8876953125,95.32477620700956,20,0.21398078975453574,0.4554429028815368,2.838415864437596,0.33757376828968216,0.3430992700062537,"[0.34320247000626597, 0.3370164699542026, 0.3429960700062414, 0.3346222099692871, 0.3471915199770592, 0.33813106662516174, 0.3423830832859191]",17
teacher_int8,teacher,quantization,/mnt/c/Users/danie/Repositories/DLEngine/checkpoints/comparison_v4/seed_17/teacher_int8.pt,7475,0.21899665551839465,0.4385284280936455,2.8329860159704916,0.05070364847779274,0.2251747065675733,0.7736020088195801,12212225,12190208,12190207,8.203305468246214e-08,,11.716753959655762,,0.4843894167182346,,0.0,0.0,0,0.22211846318036285,0.45304162219850586,2.8181537304514883,0.47104917500594945,0.5762126182768649,"[0.46746958668033284, 0.49046541661179316, 0.47458149667363614, 0.4843894167182346, 0.4675168533382627, 0.6982020433254851, 0.6619598199419366]",17
teacher_control,teacher,control,/mnt/c/Users/danie/Repositories/DLEngine/checkpoints/comparison_v4/seed_17/teacher_control.pt,7475,0.2588628762541806,0.46983277591973244,2.828759649621204,0.04791194945573807,0.21888798380847238,0.7849138379096985,12212225,12190208,12190207,8.203305468246214e-08,,46.5896577835083,,2.2850963867191845,,0.0,7.2474806800019,1,0.26173959445037354,0.4818569903948773,2.814923438598405,2.152402850042563,2.3353696166789932,"[2.3315681800401458, 2.397287413283872, 2.339171053317841, 2.2850963867191845, 2.112303323325856, 2.1925023767592697, 2.054715876680954]",17
teacher_pruned_25,teacher,pruning,/mnt/c/Users/danie/Repositories/DLEngine/checkpoints/comparison_v4/seed_17/teacher_pruned_25.pt,7475,0.22260869565217392,0.47023411371237456,2.831192761488184,0.04849493131041527,0.22021564728786933,0.7826042175292969,12212225,12190208,9142656,0.25,0.25,46.58968448638916,69.83691787719727,2.370598836666128,,0.0,7.583191985992016,1,0.22972251867662755,0.4841248665955176,2.8159637077132054,2.234144801623188,2.411863416637061,"[2.583533790020738, 2.370598836666128, 2.396482376692196, 2.228442629954467, 2.4272444565819264, 2.1618558199649365, 2.239846973291909]",17
teacher_pruned_50,teacher,pruning,/mnt/c/Users/danie/Repositories/DLEngine/checkpoints/comparison_v4/seed_17/teacher_pruned_50.pt,7475,0.2505685618729097,0.4650167224080268,2.8265957292346253,0.04700842127203941,0.21681425523253633,0.7908169031143188,12212225,12190208,6095104,0.5,0.5,46.58968448638916,46.585941314697266,2.321990613321153,,0.0,8.005698672001017,1,0.2594717182497332,0.48452508004268946,2.812628902518762,2.308856605037969,2.334623726637801,"[2.434340720064938, 2.3193680900537097, 2.3431070166407153, 2.2983451200222285, 2.321990613321153, 2.1788961199733117, 2.326140436634887]",17
teacher_pruned_75,teacher,pruning,/mnt/c/Users/danie/Repositories/DLEngine/checkpoints/comparison_v4/seed_17/teacher_pruned_75.pt,7475,0.248561872909699,0.4701003344481605,2.800518038791159,0.055960074067115784,0.23655881735229356,0.7545333504676819,12212225,12190208,3047552,0.75,0.75,46.58968448638916,23.334964752197266,2.2815426433226094,,0.0,7.215165657020407,1,0.2546691568836713,0.4789220917822839,2.7886189783395547,2.198190469983577,2.3347168233885895,"[2.16265688999556, 2.4538933834022223, 2.3421425767204105, 2.1729333333011405, 2.2815426433226094, 2.2234476066660136, 2.3272910700567686]",17
student_distilled_int8,student,combined,/mnt/c/Users/danie/Repositories/DLEngine/checkpoints/comparison_v4/seed_17/student_distilled_int8.pt,7475,0.2105685618729097,0.4391973244147157,2.8485124576849286,0.0512942336499691,0.22648230317172488,0.7795060276985168,2970113,2949248,2949248,0.0,,2.8996877670288086,,0.20840276672970504,,0.0,0.0,0,0.21504802561366063,0.4491728922091782,2.8385827322525303,0.20400249336186485,0.2629221183209059,"[0.2797574266636123, 0.2840239932993427, 0.2460868099781995, 0.20614437332066396, 0.20840276672970504, 0.19910847661473477, 0.20186061340306574]",17
student_distilled_control,student,control,/mnt/c/Users/danie/Repositories/DLEngine/checkpoints/comparison_v4/seed_17/student_distilled_control.pt,7475,0.21217391304347827,0.45498327759197327,2.8451279638284026,0.04792051762342453,0.21890755497109854,0.7871955037117004,2970113,2949248,2949248,0.0,,11.333992958068848,,0.4748788400320336,,0.0,4.249735544988653,1,0.21544823906083244,0.4597118463180363,2.836461164653619,0.4540246333635878,0.4941639699973166,"[0.44207996999224025, 0.48219708997445804, 0.5720181634145168, 0.5061308500201752, 0.4748788400320336, 0.4476034700443658, 0.46044579668280977]",17
student_distilled_pruned_25,student,combined,/mnt/c/Users/danie/Repositories/DLEngine/checkpoints/comparison_v4/seed_17/student_distilled_pruned_25.pt,7475,0.2329096989966555,0.4500334448160535,2.8440354195406603,0.048169538378715515,0.2194755985951867,0.7855243682861328,2970113,2949248,2211936,0.25,0.25,11.334019660949707,16.955326080322266,0.4682912099330376,,0.0,4.060525173990754,1,0.23625933831376733,0.4583778014941302,2.83541756912891,0.41461281167964137,0.49432027498066117,"[0.48451943992404267, 0.43202499335166067, 0.5263837933307514, 0.5041211100372797, 0.4682912099330376, 0.3972006300076221, 0.3659190032825184]",17
student_distilled_pruned_50,student,combined,/mnt/c/Users/danie/Repositories/DLEngine/checkpoints/comparison_v4/seed_17/student_distilled_pruned_50.pt,7475,0.21003344481605352,0.4477591973244147,2.8318446581339756,0.05881086364388466,0.24250951248123168,0.7300368547439575,2970113,2949248,1474624,0.5,0.5,11.334019660949707,11.330081939697266,0.4885787600263332,,0.0,4.0642417919880245,1,0.21438100320170758,0.4569103521878335,2.8232899849544593,0.43367225502151996,0.529690299978635,"[0.639052519982215, 0.4885787600263332, 0.5479333066614345, 0.5114472932958355, 0.4697551700519398, 0.388420079931772, 0.39758933999110013]",17
student_distilled_pruned_75,student,combined,/mnt/c/Users/danie/Repositories/DLEngine/checkpoints/comparison_v4/seed_17/student_distilled_pruned_75.pt,7475,0.20722408026755854,0.43638795986622075,2.8557532233617775,0.09393071383237839,0.3064811802254396,0.5426967144012451,2970113,2949248,737312,0.75,0.75,11.334019660949707,5.704837799072266,0.3811266933917068,,0.0,4.217927784018684,1,0.2015741728922092,0.4413020277481323,2.844999057378942,0.36390680669380043,0.41366277170406346,"[0.473146016690104, 0.4356091933247323, 0.3511550000015025, 0.3811266933917068, 0.3581672366514492, 0.3696463767361517, 0.3917163500833946]",17
teacher_fp32,teacher,baseline,/mnt/c/Users/danie/Repositories/DLEngine/checkpoints/comparison_v4/seed_27/teacher_fp32.pt,7475,0.24896321070234115,0.45217391304347826,2.843257341608156,0.04931509494781494,0.2220700226230793,0.7831090688705444,12212225,12190208,12190208,0.0,,46.58998394012451,,2.227464946724164,0.7460115499755678,309.6650390625,112.06161613299628,14,0.25253468516542155,0.46824973319103524,2.825316428374837,2.2057315933731543,2.3874661966692656,"[2.443432400080686, 2.227464946724164, 2.224579653411638, 2.173735903246173, 2.409165313389773, 2.18688353333467, 2.3657670799487582]",27
student_direct,student,direct_training,/mnt/c/Users/danie/Repositories/DLEngine/checkpoints/comparison_v4/seed_27/student_direct.pt,7475,0.21003344481605352,0.4193979933110368,2.8575159074151797,0.0472981259226799,0.21748132315828847,0.7898640036582947,2970113,2949248,2949248,0.0,,11.334151268005371,,0.3367314533291695,0.1655098566940675,209.97412109375,89.23227413601126,20,0.2146478121664888,0.4312966915688367,2.8390270248930127,0.3306795150274411,0.34238041834517696,"[0.33012784998087835, 0.3509363966683547, 0.3416966166696511, 0.3312311800740038, 0.3367314533291695, 0.3286060000148912, 0.34306422002070275]",27
student_distilled,student,distillation,/mnt/c/Users/danie/Repositories/DLEngine/checkpoints/comparison_v4/seed_27/student_distilled_a0p50_t2p0.pt,7475,0.22809364548494984,0.44441471571906355,2.85693312163337,0.04759197682142258,0.21815585442848553,0.7873677611351013,2970113,2949248,2949248,0.0,,11.334399223327637,,0.3850001166574657,0.2718501433264464,253.7626953125,109.85180850702454,20,0.23038954108858056,0.45771077908217717,2.838913469965964,0.3772825633738345,0.38875732333205326,"[0.39558650663821027, 0.3917808832678323, 0.3857337633962743, 0.3850001166574657, 0.3306679999999081, 0.3753700866946019, 0.3791950400530671]",27
teacher_int8,teacher,quantization,/mnt/c/Users/danie/Repositories/DLEngine/checkpoints/comparison_v4/seed_27/teacher_int8.pt,7475,0.24869565217391304,0.45217391304347826,2.8433642044832874,0.04875967279076576,0.22081592512942938,0.7840666770935059,12212225,12190208,12190208,0.0,,11.716753959655762,,0.4774354833837909,,0.0,0.0,0,0.25253468516542155,0.4683831376734258,2.825126846673776,0.4745044983186138,0.59935244168931,"[0.4729543799961296, 0.46105176996206865, 0.4774354833837909, 0.476054616641098, 0.6568035899545066, 0.62568354003209, 0.57302134334653]",27
teacher_control,teacher,control,/mnt/c/Users/danie/Repositories/DLEngine/checkpoints/comparison_v4/seed_27/teacher_control.pt,7475,0.24401337792642142,0.4593979933110368,2.8365358410072963,0.046667590737342834,0.2160268287443549,0.7925698161125183,12212225,12190208,12190208,0.0,,46.5896577835083,,2.3122447333298624,,0.0,7.065208342013648,1,0.24879935965848451,0.46744930629669157,2.8204032591083896,2.2935326633645063,2.3432432833457524,"[2.302537386713084, 2.4197641466162167, 2.3122447333298624, 2.2751520733193806, 2.2845279400159293, 2.3324717167027607, 2.3540148499887437]",27
teacher_pruned_25,teacher,pruning,/mnt/c/Users/danie/Repositories/DLEngine/checkpoints/comparison_v4/seed_27/teacher_pruned_25.pt,7475,0.21672240802675585,0.4623411371237458,2.831339448782114,0.04635677859187126,0.21530624373638416,0.794914960861206,12212225,12190208,9142656,0.25,0.25,46.58968448638916,69.83691787719727,2.1841218199309274,,0.0,7.840814983006567,1,0.21918356456776947,0.4707844183564568,2.8169041511979405,2.1229498033062555,2.3018038166628685,"[2.312337073381059, 2.481641566652494, 2.1841218199309274, 2.291270559944678, 2.173674283355164, 2.072225323257347, 2.0567480666795745]",27
teacher_pruned_50,teacher,pruning,/mnt/c/Users/danie/Repositories/DLEngine/checkpoints/comparison_v4/seed_27/teacher_pruned_50.pt,7475,0.2500334448160535,0.46220735785953176,2.8300348958044146,0.04512793570756912,0.2124333676887158,0.7989116311073303,12212225,12190208,6095104,0.5,0.5,46.58968448638916,46.585941314697266,2.0710089500062168,,0.0,6.948952050996013,1,0.2546691568836713,0.47118463180362863,2.81245862788808,2.0633861600072123,2.1520057566037094,"[2.0710089500062168, 2.4341205133047574, 2.05845964665059, 2.0380387700667293, 2.1893893766294545, 2.114622136577964, 2.0683126733638346]",27
teacher_pruned_75,teacher,pruning,/mnt/c/Users/danie/Repositories/DLEngine/checkpoints/comparison_v4/seed_27/teacher_pruned_75.pt,7475,0.24749163879598662,0.4576588628762542,2.81280587604612,0.054770294576883316,0.23403054197451092,0.7615066170692444,12212225,12190208,3047552,0.75,0.75,46.58968448638916,23.334964752197266,2.255125136677331,,0.0,7.451476464018924,1,0.24559765208110992,0.471051227321238,2.7969485158726908,2.1499534833128564,2.313560498393296,"[2.255125136677331, 2.506529253344828, 2.302074226705978, 2.107006940059364, 2.3250467700806134, 2.112994793278631, 2.186912173347082]",27
student_distilled_int8,student,combined,/mnt/c/Users/danie/Repositories/DLEngine/checkpoints/comparison_v4/seed_27/student_distilled_int8.pt,7475,0.22862876254180603,0.44481605351170567,2.8573923356238016,0.04898260161280632,0.22132013377188783,0.782515823841095,2970113,2949248,2949248,0.0,,2.8996877670288086,,0.232447206605381,,0.0,0.0,0,0.23132337246531484,0.45771077908217717,2.8396487813621856,0.2306210683309473,0.23674237338127568,"[0.28153865666051087, 0.22674577330083898, 0.23026911328391483, 0.23097302337797979, 0.2333083400541606, 0.232447206605381, 0.24017640670839077]",27
student_distilled_control,student,control,/mnt/c/Users/danie/Repositories/DLEngine/checkpoints/comparison_v4/seed_27/student_distilled_control.pt,7475,0.23665551839464882,0.4460200668896321,2.8564176791009297,0.04703810065984726,0.2168826887048555,0.7915081977844238,2970113,2949248,2949248,0.0,,11.333992958068848,,0.3855225267276789,,0.0,3.7855543729965575,1,0.2402614727854856,0.4589114194236926,2.83835240616488,0.38314081000862643,0.4060878100184103,"[0.4461841667459036, 0.4262083033487822, 0.38493553331742686, 0.3855225267276789, 0.37966634331193444, 0.381346086699826, 0.3859673166880384]",27
student_distilled_pruned_25,student,combined,/mnt/c/Users/danie/Repositories/DLEngine/checkpoints/comparison_v4/seed_27/student_distilled_pruned_25.pt,7475,0.23384615384615384,0.4446822742474916,2.853655809766074,0.04728862643241882,0.2174594822775471,0.7922407984733582,2970113,2949248,2211936,0.25,0.25,11.334019660949707,16.955326080322266,0.39281936003438506,,0.0,3.9194949319935404,1,0.2390608324439701,0.45744397011739596,2.835066051340663,0.3672993950021919,0.45168397167193086,"[0.47184247329520684, 0.47964379666761187, 0.3590539933065884, 0.39281936003438506, 0.4315254700486548, 0.36668538339048, 0.36791340661390376]",27
student_distilled_pruned_50,student,combined,/mnt/c/Users/danie/Repositories/DLEngine/checkpoints/comparison_v4/seed_27/student_distilled_pruned_50.pt,7475,0.23571906354515051,0.43826086956521737,2.8408882532789557,0.0588659904897213,0.24262314500006238,0.7329801917076111,2970113,2949248,1474624,0.5,0.5,11.334019660949707,11.330081939697266,0.41021569990941015,,0.0,3.919859446992632,1,0.2371931696905016,0.4518409818569904,2.8246112523745572,0.38937936997778405,0.4156693516900608,"[0.5145546599912146, 0.41992448997916654, 0.38667541996498284, 0.411414213400955, 0.41021569990941015, 0.39208331999058527, 0.35769735666690394]",27
student_distilled_pruned_75,student,combined,/mnt/c/Users/danie/Repositories/DLEngine/checkpoints/comparison_v4/seed_27/student_distilled_pruned_75.pt,7475,0.20040133779264213,0.42702341137123745,2.8627747129995287,0.08663509041070938,0.2943383943876663,0.6029956936836243,2970113,2949248,737312,0.75,0.75,11.334019660949707,5.704837799072266,0.38599401334067807,,0.0,3.721797497011721,1,0.2015741728922092,0.43983457844183566,2.84686096958824,0.3733560866870297,0.42834057836444117,"[0.49153463332913816, 0.4602312999971521, 0.3964498567317302, 0.38599401334067807, 0.3418776333758918, 0.36505116334107396, 0.38166101003298536]",27
teacher_fp32,teacher,baseline,/mnt/c/Users/danie/Repositories/DLEngine/checkpoints/comparison_v4/seed_37/teacher_fp32.pt,7475,0.24387959866220735,0.4604682274247492,2.8285659363596736,0.04980307072401047,0.22316601605981692,0.7762144804000854,12212225,12190208,12190208,0.0,,46.58998394012451,,2.23007386996566,0.5524851966765709,309.6650390625,135.58341268097865,17,0.2513340448239061,0.47692102454642477,2.8184285077366784,2.1588290783499056,2.2677846750108683,"[2.324061123363208, 2.247853990023335, 2.1538590966762663, 2.1272524099913426, 2.2877153599984013, 2.23007386996566, 2.163799060023545]",37
student_direct,student,direct_training,/mnt/c/Users/danie/Repositories/DLEngine/checkpoints/comparison_v4/seed_37/student_direct.pt,7475,0.21270903010033446,0.44561872909698996,2.8527853933225904,0.04874413460493088,0.22078073875438245,0.7935462594032288,2970113,2949248,2949248,0.0,,11.334151268005371,,0.3622183500556275,0.14673142994676405,209.59912109375,82.88930213800631,20,0.21704909284951973,0.4566435432230523,2.837941179407826,0.3459291849867441,0.37595547667782137,"[0.3855115899932571, 0.3792851433778803, 0.3726258099777624, 0.34328770329011604, 0.3622183500556275, 0.3441008566490685, 0.3477575133244197]",37
student_distilled,student,distillation,/mnt/c/Users/danie/Repositories/DLEngine/checkpoints/comparison_v4/seed_37/student_distilled_a0p50_t2p0.pt,7475,0.2437458193979933,0.4496321070234114,2.847231474241684,0.046798091381788254,0.2163286651874602,0.7920247912406921,2970113,2949248,2949248,0.0,,11.334399223327637,,0.3357308600485946,0.8029976299925087,252.8876953125,86.59960089297965,20,0.24653148345784417,0.4615795090715048,2.834207173472662,0.3341989450079078,0.3538976500082451,"[0.34036477338910726, 0.3356095833199409, 0.3696962700147803, 0.3231643733064023, 0.3357308600485946, 0.3327883066958748, 0.3674305266273829]",37
teacher_int8,teacher,quantization,/mnt/c/Users/danie/Repositories/DLEngine/checkpoints/comparison_v4/seed_37/teacher_int8.pt,7475,0.24588628762541806,0.4588628762541806,2.8290649246611324,0.050295136868953705,0.2242657728431909,0.7752890586853027,12212225,12190208,12190208,0.0,,11.716753959655762,,0.4988666799423906,,0.0,0.0,0,0.2513340448239061,0.47638740661686235,2.818627544757269,0.49180822500299354,0.5132963366243832,"[0.5075947233126499, 0.4903530400285187, 0.49326340997746837, 0.4988666799423906, 0.4688373133346128, 0.5189979499361167, 0.6705998133596344]",37
teacher_control,teacher,control,/mnt/c/Users/danie/Repositories/DLEngine/checkpoints/comparison_v4/seed_37/teacher_control.pt,7475,0.248561872909699,0.4631438127090301,2.8336521659646943,0.05025162547826767,0.2241687433124156,0.7840932011604309,12212225,12190208,12190208,0.0,,46.5896577835083,,2.130514086650995,,0.0,7.233859419007786,1,0.26173959445037354,0.4797225186766275,2.8202662602814437,2.1039541899517644,2.1728032366566667,"[2.1048355366413793, 2.5425921966476985, 2.1030728432621495, 2.130514086650995, 2.1659887233787836, 2.0288683700103625, 2.1796177499345504]",37
teacher_pruned_25,teacher,pruning,/mnt/c/Users/danie/Repositories/DLEngine/checkpoints/comparison_v4/seed_37/teacher_pruned_25.pt,7475,0.2505685618729097,0.4642140468227425,2.8348805605208995,0.04844573512673378,0.2201039189263421,0.7857014536857605,12212225,12190208,9142656,0.25,0.25,46.58968448638916,69.83691787719727,2.1752569299618094,,0.0,7.394821025984129,1,0.2630736392742796,0.47958911419423694,2.8219442576201774,2.131731934981265,2.2107983466897467,"[2.109196226617011, 2.507707166757124, 2.1752569299618094, 2.232245000001664, 2.18935169337783, 2.15426764334552, 2.093530453372902]",37
teacher_pruned_50,teacher,pruning,/mnt/c/Users/danie/Repositories/DLEngine/checkpoints/comparison_v4/seed_37/teacher_pruned_50.pt,7475,0.2420066889632107,0.4650167224080268,2.8269290347721268,0.04685785993933678,0.21646676405244472,0.7909544110298157,12212225,12190208,6095104,0.5,0.5,46.58968448638916,46.585941314697266,2.1503203099321886,,0.0,7.461063914000988,1,0.24933297758804696,0.47958911419423694,2.8162737839249945,2.111942618357716,2.2295518949977122,"[2.1036415900258967, 2.5996753033056543, 2.302357223331152, 2.1567465666642724, 2.1202436466895356, 2.1503203099321886, 2.048937286696552]",37
teacher_pruned_75,teacher,pruning,/mnt/c/Users/danie/Repositories/DLEngine/checkpoints/comparison_v4/seed_37/teacher_pruned_75.pt,7475,0.24976588628762542,0.465819397993311,2.7960411537132135,0.05522898584604263,0.23500848037048075,0.7541776895523071,12212225,12190208,3047552,0.75,0.75,46.58968448638916,23.334964752197266,2.0912405400304124,,0.0,7.964728433988057,1,0.25360192102454643,0.47838847385272143,2.786730077248882,2.0460960650234483,2.2509968850257183,"[2.0912405400304124, 2.6846844400279224, 1.9783227966399863, 2.0042241766350344, 2.0879679534118623, 2.26098268001806, 2.241011090033377]",37
student_distilled_int8,student,combined,/mnt/c/Users/danie/Repositories/DLEngine/checkpoints/comparison_v4/seed_37/student_distilled_int8.pt,7475,0.24280936454849497,0.45096989966555184,2.847623516165692,0.04663893207907677,0.21596048730977796,0.7933322191238403,2970113,2949248,2949248,0.0,,2.8996877670288086,,0.22867971662587175,,0.0,0.0,0,0.24813233724653147,0.4605122732123799,2.8345104146792512,0.2231950899780107,0.2489292917016428,"[0.25634929673591006, 0.32095757002631825, 0.22562330666308603, 0.2415092866673755, 0.22867971662587175, 0.2207668732929354, 0.20992908665599921]",37
student_distilled_control,student,control,/mnt/c/Users/danie/Repositories/DLEngine/checkpoints/comparison_v4/seed_37/student_distilled_control.pt,7475,0.23839464882943143,0.45364548494983276,2.8455155674669657,0.04523109272122383,0.21267602761294896,0.8004810810089111,2970113,2949248,2949248,0.0,,11.333992958068848,,0.37135676665153977,,0.0,4.051722991018323,1,0.2406616862326574,0.46278014941302026,2.8332985350772693,0.3599766016607949,0.4080785966652911,"[0.4321621732863908, 0.45682861673412845, 0.38399502004419145, 0.37135676665153977, 0.3200607799226418, 0.3629477633512579, 0.3570054399703319]",37
student_distilled_pruned_25,student,combined,/mnt/c/Users/danie/Repositories/DLEngine/checkpoints/comparison_v4/seed_37/student_distilled_pruned_25.pt,7475,0.2462876254180602,0.44936454849498325,2.843338292960738,0.04474693164229393,0.21153470552676204,0.8021652102470398,2970113,2949248,2211936,0.25,0.25,11.334019660949707,16.955326080322266,0.37377940335621435,,0.0,4.1271473380038515,1,0.2485325506937033,0.46171291355389543,2.83260888987188,0.36729992663216154,0.3963000350146709,"[0.5137467399860421, 0.4140562633013663, 0.37377940335621435, 0.36300988334308687, 0.3785438067279756, 0.3677505399294508, 0.3668493133348723]",37
student_distilled_pruned_50,student,combined,/mnt/c/Users/danie/Repositories/DLEngine/checkpoints/comparison_v4/seed_37/student_distilled_pruned_50.pt,7475,0.2442809364548495,0.44896321070234113,2.8309665085081273,0.05608976259827614,0.2368327734885443,0.7490264177322388,2970113,2949248,1474624,0.5,0.5,11.334019660949707,11.330081939697266,0.3814252632825325,,0.0,4.333932125009596,1,0.24519743863393811,0.45624332977588045,2.8179312576733633,0.3633289867138956,0.4051310216406515,"[0.4275342033361085, 0.4741055400033171, 0.36439625003064674, 0.3827278399451946, 0.3622617233971444, 0.3814252632825325, 0.3498202100551377]",37
student_distilled_pruned_75,student,combined,/mnt/c/Users/danie/Repositories/DLEngine/checkpoints/comparison_v4/seed_37/student_distilled_pruned_75.pt,7475,0.23103678929765886,0.4295652173913043,2.858670499603884,0.09019239246845245,0.30032048293190466,0.5695540308952332,2970113,2949248,737312,0.75,0.75,11.334019660949707,5.704837799072266,0.37568585665818927,,0.0,4.101322345988592,1,0.23679295624332977,0.43703308431163285,2.845200463572841,0.36966498829618405,0.43364617498203495,"[0.4662537433129425, 0.5328078732903426, 0.37568585665818927, 0.40103860665112734, 0.36284987329660606, 0.36776732992924127, 0.3715626466631268]",37
teacher_fp32,teacher,baseline,/mnt/c/Users/danie/Repositories/DLEngine/checkpoints/comparison_v4/seed_47/teacher_fp32.pt,7475,0.2394648829431438,0.4623411371237458,2.8302738723308347,0.0500539168715477,0.22372732705583306,0.7827786207199097,12212225,12190208,12190208,0.0,,46.58998394012451,,2.3867652566210986,0.7524868133865917,309.6650390625,124.92113880199031,17,0.24092849519743864,0.4815901814300961,2.8119990611916035,2.3558000833145343,2.4502879483528277,"[2.4903525800133743, 2.682524176683122, 2.4102233166922815, 2.3867652566210986, 2.349219306682547, 2.3623808599465215, 2.328643763321452]",47
student_direct,student,direct_training,/mnt/c/Users/danie/Repositories/DLEngine/checkpoints/comparison_v4/seed_47/student_direct.pt,7475,0.22555183946488294,0.4454849498327759,2.85640153390508,0.04879559576511383,0.22089725160153947,0.7875344157218933,2970113,2949248,2949248,0.0,,11.334151268005371,,0.3605378366773948,0.1468870133976452,209.59912109375,72.09372376897954,20,0.2306563500533618,0.45610992529348987,2.836785546743501,0.3461771483610695,0.37912126499577425,"[0.3428162833248886, 0.4069331866533806, 0.37467191674901795, 0.38357061324253056, 0.3495380133972503, 0.33899644661384326, 0.3605378366773948]",47
student_distilled,student,distillation,/mnt/c/Users/danie/Repositories/DLEngine/checkpoints/comparison_v4/seed_47/student_distilled_a0p50_t2p0.pt,7475,0.24334448160535116,0.4553846153846154,2.84357747189576,0.04730118811130524,0.21748836316296383,0.7945718169212341,2970113,2949248,2949248,0.0,,11.334399223327637,,0.3851599233651844,0.18052515001424277,253.3876953125,93.0617728419893,20,0.24506403415154748,0.4631803628601921,2.8312714341610445,0.3744027483238218,0.40726134665116354,"[0.4248377333472793, 0.4142090866419797, 0.40031360666034743, 0.3851599233651844, 0.37017041332243633, 0.3623973533588772, 0.37863508332520723]",47
teacher_int8,teacher,quantization,/mnt/c/Users/danie/Repositories/DLEngine/checkpoints/comparison_v4/seed_47/teacher_int8.pt,7475,0.24120401337792644,0.4619397993311037,2.8304122534404232,0.050338346511125565,0.22436208795410503,0.7811172008514404,12212225,12190208,12190208,0.0,,11.716753959655762,,0.4975327866850421,,0.0,0.0,0,0.2419957310565635,0.48172358591248665,2.8121231917764997,0.48384885002936545,0.5276756566308904,"[0.4851041567356636, 0.4980380666286995, 0.451221873324054, 0.4825935433230673, 0.4975327866850421, 0.5573132466330813, 0.7655137266071202]",47
teacher_control,teacher,control,/mnt/c/Users/danie/Repositories/DLEngine/checkpoints/comparison_v4/seed_47/teacher_control.pt,7475,0.2337123745819398,0.46635451505016723,2.8324378628236393,0.04781586304306984,0.21866838601652008,0.7861323356628418,12212225,12190208,12190208,0.0,,46.5896577835083,,2.4149913432969092,,0.0,7.036633140000049,1,0.23479188900747064,0.48479188900747067,2.8146484373982203,2.3141438616342684,2.488362409979648,"[2.6964926967048086, 2.4992429566918872, 2.4149913432969092, 2.477481863267409, 2.2922597199794836, 2.3360280032890537, 2.2395748933195136]",47
teacher_pruned_25,teacher,pruning,/mnt/c/Users/danie/Repositories/DLEngine/checkpoints/comparison_v4/seed_47/teacher_pruned_25.pt,7475,0.23224080267558528,0.46755852842809364,2.829489515967991,0.046891409903764725,0.21654424467938355,0.7907702922821045,12212225,12190208,9142656,0.25,0.25,46.58968448638916,69.83691787719727,2.192058109988769,,0.0,7.78884500201093,1,0.23679295624332977,0.4841248665955176,2.8129838520587445,2.119297033350449,2.3247040283361757,"[2.08069802999186, 2.594415070003985, 2.199889209975178, 2.0698904366387674, 2.192058109988769, 2.157896036709038, 2.449518846697174]",47
teacher_pruned_50,teacher,pruning,/mnt/c/Users/danie/Repositories/DLEngine/checkpoints/comparison_v4/seed_47/teacher_pruned_50.pt,7475,0.2462876254180602,0.4688963210702341,2.8240272939484257,0.047174133360385895,0.21719607123607437,0.7930234670639038,12212225,12190208,6095104,0.5,0.5,46.58968448638916,46.585941314697266,2.3275404399222075,,0.0,7.678208015975542,1,0.24813233724653147,0.48745997865528284,2.807462559438439,2.307347965009588,2.381603698352895,"[2.43129660996298, 2.3888178433602056, 2.3743895533455848, 2.261092343251221, 2.312307813360045, 2.302388116659131, 2.3275404399222075]",47
teacher_pruned_75,teacher,pruning,/mnt/c/Users/danie/Repositories/DLEngine/checkpoints/comparison_v4/seed_47/teacher_pruned_75.pt,7475,0.2545819397993311,0.4707692307692308,2.795736493490213,0.055475931614637375,0.23553329194540074,0.7578051090240479,12212225,12190208,3047552,0.75,0.75,46.58968448638916,23.334964752197266,2.2883059699476385,,0.0,7.645505827007582,1,0.259204909284952,0.47958911419423694,2.7818642644770244,2.2243835249779904,2.380213704988516,"[2.3858756266417913, 2.396587396700246, 2.284091699984856, 2.161869886719311, 2.1646753499711244, 2.37455178333524, 2.2883059699476385]",47
student_distilled_int8,student,combined,/mnt/c/Users/danie/Repositories/DLEngine/checkpoints/comparison_v4/seed_47/student_distilled_int8.pt,7475,0.24066889632107025,0.45217391304347826,2.844695957209354,0.04683401435613632,0.21641167795693542,0.7949625253677368,2970113,2949248,2949248,0.0,,2.8996877670288086,,0.24268324001847455,,0.0,0.0,0,0.24372998932764142,0.4605122732123799,2.8316252793929872,0.2372518933649796,0.2694227217095128,"[0.26486831668686744, 0.3154538733845887, 0.2739771267321582, 0.24268324001847455, 0.23697532005220032, 0.23752846667775884, 0.22607524665848663]",47
student_distilled_control,student,control,/mnt/c/Users/danie/Repositories/DLEngine/checkpoints/comparison_v4/seed_47/student_distilled_control.pt,7475,0.24441471571906354,0.45177257525083614,2.841606150024312,0.045534394681453705,0.21338789722346885,0.7993625402450562,2970113,2949248,2949248,0.0,,11.333992958068848,,0.40718447669253993,,0.0,3.8292576450039633,1,0.24653148345784417,0.46224653148345785,2.828285457993775,0.4018912499789925,0.4409457083481053,"[0.5519147232795755, 0.4742441566971441, 0.40392834664089605, 0.4076472599990666, 0.3998541533170889, 0.3861615600180812, 0.40718447669253993]",47
student_distilled_pruned_25,student,combined,/mnt/c/Users/danie/Repositories/DLEngine/checkpoints/comparison_v4/seed_47/student_distilled_pruned_25.pt,7475,0.24307692307692308,0.4528428093645485,2.840135844335907,0.04579879343509674,0.21400652661799066,0.7998424172401428,2970113,2949248,2211936,0.25,0.25,11.334019660949707,16.955326080322266,0.3719767166573244,,0.0,3.862829641002463,1,0.24466382070437567,0.46224653148345785,2.8276935163149837,0.36629063494425884,0.41843538497535826,"[0.4226067999843508, 0.47828441000698757, 0.3646099799273846, 0.3719767166573244, 0.41426396996636566, 0.355141796656729, 0.36797128996113315]",47
student_distilled_pruned_50,student,combined,/mnt/c/Users/danie/Repositories/DLEngine/checkpoints/comparison_v4/seed_47/student_distilled_pruned_50.pt,7475,0.24267558528428093,0.4500334448160535,2.827823073345682,0.05941079929471016,0.2437433061536463,0.7306012511253357,2970113,2949248,1474624,0.5,0.5,11.334019660949707,11.330081939697266,0.38204588995237526,,0.0,3.6726215530070476,1,0.23625933831376733,0.45904482390608325,2.8177711663403913,0.3790718833139787,0.41019939502196695,"[0.4707147233420983, 0.4306284567185988, 0.38204588995237526, 0.3805648800334893, 0.3897703333253351, 0.3775788865944681, 0.3649012933601625]",47
student_distilled_pruned_75,student,combined,/mnt/c/Users/danie/Repositories/DLEngine/checkpoints/comparison_v4/seed_47/student_distilled_pruned_75.pt,7475,0.2042809364548495,0.4359866220735786,2.852200992482163,0.0923575684428215,0.303903880269439,0.5427940487861633,2970113,2949248,737312,0.75,0.75,11.334019660949707,5.704837799072266,0.3765259266947396,,0.0,3.908111773984274,1,0.2021077908217716,0.4407684098185699,2.841205829744532,0.37039723494672216,0.4170573683222756,"[0.45569115997447324, 0.45785988331772387, 0.3681678366653311, 0.3784235766700779, 0.3765259266947396, 0.3692731532889108, 0.3715213166045335]",47
teacher_fp32,teacher,baseline,/mnt/c/Users/danie/Repositories/DLEngine/checkpoints/comparison_v4/seed_57/teacher_fp32.pt,7475,0.23357859531772576,0.460066889632107,2.8344138086759125,0.05005383864045143,0.22372715221995615,0.7748578786849976,12212225,12190208,12190208,0.0,,46.58998394012451,,2.329830933304038,0.5230510733478392,309.6650390625,130.32624284099438,17,0.23745997865528282,0.47171824973319104,2.821820900559807,2.3187617450215234,2.3858816050051246,"[2.3190291900148927, 2.3846144499839284, 2.3156414167412245, 2.329830933304038, 2.387148760026321, 2.5047668866075887, 2.318494300028154]",57
student_direct,student,direct_training,/mnt/c/Users/danie/Repositories/DLEngine/checkpoints/comparison_v4/seed_57/student_direct.pt,7475,0.23384615384615384,0.44481605351170567,2.8638675016703017,0.047940466552972794,0.21895311496521988,0.7887219190597534,2970113,2949248,2949248,0.0,,11.334151268005371,,0.37283816665876657,0.15358723001554608,209.59912109375,72.41778714800603,20,0.24386339381003203,0.4570437566702241,2.846031011868439,0.35357905833128217,0.3748405183432624,"[0.39635730334945646, 0.3750880033476278, 0.37459303333889693, 0.37283816665876657, 0.35152693996982026, 0.3556311766927441, 0.31107007341537]",57
student_distilled,student,distillation,/mnt/c/Users/danie/Repositories/DLEngine/checkpoints/comparison_v4/seed_57/student_distilled_a0p50_t2p0.pt,7475,0.22782608695652173,0.4508361204013378,2.8524554879370343,0.0470745712518692,0.21696675148941416,0.790514349937439,2970113,2949248,2949248,0.0,,11.334399223327637,,0.4044339766066211,0.17605366330826655,252.8876953125,88.49711939800181,20,0.23145677694770544,0.46091248665955176,2.8375446966897973,0.38254667170501,0.4111588183635225,"[0.41991827660240233, 0.3886702667417315, 0.37642307666828856, 0.3665621200343594, 0.4044339766066211, 0.41618944000219926, 0.40612819672484574]",57
teacher_int8,teacher,quantization,/mnt/c/Users/danie/Repositories/DLEngine/checkpoints/comparison_v4/seed_57/teacher_int8.pt,7475,0.23357859531772576,0.4584615384615385,2.83513991390981,0.05000302568078041,0.22361356327553214,0.774888813495636,12212225,12190208,12190208,0.0,,11.716753959655762,,0.534717729994251,,0.0,0.0,0,0.23465848452508004,0.47038420490928495,2.82250802010584,0.5209047816363939,0.5726299933060849,"[0.5538911132801635, 0.5227225832641125, 0.5190869800086754, 0.4922460566740483, 0.534717729994251, 0.6461887333231667, 0.5913688733320063]",57
teacher_control,teacher,control,/mnt/c/Users/danie/Repositories/DLEngine/checkpoints/comparison_v4/seed_57/teacher_control.pt,7475,0.2468227424749164,0.4691638795986622,2.8340407190354773,0.04922971874475479,0.22187771123922023,0.7801616787910461,12212225,12190208,12190208,0.0,,46.5896577835083,,2.283988683387482,,0.0,7.378895451023709,1,0.24653148345784417,0.48665955176093917,2.823886157863295,2.2446619166294113,2.3069133817140632,"[2.162697773310356, 2.541913093397549, 2.2887600767232166, 2.32506668670491, 2.283988683387482, 2.2538415399806886, 2.235482293278134]",57
teacher_pruned_25,teacher,pruning,/mnt/c/Users/danie/Repositories/DLEngine/checkpoints/comparison_v4/seed_57/teacher_pruned_25.pt,7475,0.25672240802675583,0.46903010033444814,2.828475254754159,0.04879165068268776,0.2208883217435629,0.781726062297821,12212225,12190208,9142656,0.25,0.25,46.58968448638916,69.83691787719727,2.246216373265876,,0.0,7.559856383013539,1,0.26227321237993595,0.48118996798292424,2.8197471273619694,2.193223468299645,2.352504293327608,"[2.246216373265876, 2.4854938633507118, 2.1835251833545044, 2.1487528999568895, 2.272677606670186, 2.43233097998503, 2.202921753244785]",57
teacher_pruned_50,teacher,pruning,/mnt/c/Users/danie/Repositories/DLEngine/checkpoints/comparison_v4/seed_57/teacher_pruned_50.pt,7475,0.24923076923076923,0.4705016722408027,2.824663392006354,0.04786957427859306,0.2187911659061971,0.7848212718963623,12212225,12190208,6095104,0.5,0.5,46.58968448638916,46.585941314697266,2.2529973333197026,,0.0,7.613109765021363,1,0.2608057630736393,0.4786552828175027,2.816722691504398,2.193478096693677,2.2805846033831285,"[2.0802365834242664, 2.705375859998943, 2.168648850056343, 2.2183073433310105, 2.2529973333197026, 2.26834884340254, 2.2928203633637168]",57
teacher_pruned_75,teacher,pruning,/mnt/c/Users/danie/Repositories/DLEngine/checkpoints/comparison_v4/seed_57/teacher_pruned_75.pt,7475,0.25190635451505017,0.4659531772575251,2.798775210332711,0.0553903765976429,0.23535160207154507,0.7535268664360046,12212225,12190208,3047552,0.75,0.75,46.58968448638916,23.334964752197266,2.0826597566095493,,0.0,7.8543644880119245,1,0.25,0.4823906083244397,2.7885395643423565,2.032657183299307,2.2859038449920868,"[1.9852965800479676, 2.5182084300710508, 2.379394006663157, 2.057706863270141, 2.0826597566095493, 2.1924136833210164, 2.0076075033284724]",57
student_distilled_int8,student,combined,/mnt/c/Users/danie/Repositories/DLEngine/checkpoints/comparison_v4/seed_57/student_distilled_int8.pt,7475,0.22648829431438128,0.4500334448160535,2.85338623841072,0.04728800058364868,0.21745804327191184,0.7898268699645996,2970113,2949248,2949248,0.0,,2.8996877670288086,,0.23134512002191818,,0.0,0.0,0,0.23012273212379936,0.46011205976520814,2.8384904846183265,0.21700437335918346,0.25115798004359624,"[0.26545941674460966, 0.29242140337980044, 0.23685654334258288, 0.23134512002191818, 0.21185274332916984, 0.22215600338919708, 0.20496669661952183]",57
student_distilled_control,student,control,/mnt/c/Users/danie/Repositories/DLEngine/checkpoints/comparison_v4/seed_57/student_distilled_control.pt,7475,0.2294314381270903,0.4563210702341137,2.8506485423595214,0.04725343734025955,0.21737855768281183,0.7909324169158936,2970113,2949248,2949248,0.0,,11.333992958068848,,0.3882981666053335,,0.0,4.001346044009551,1,0.22985592315901815,0.46398078975453577,2.832778911834847,0.3876458300025357,0.4028897049526373,"[0.5371363332960755, 0.41528030997142196, 0.3882981666053335, 0.38803647000653047, 0.39049909993385273, 0.38554355667050305, 0.387255189998541]",57
student_distilled_pruned_25,student,combined,/mnt/c/Users/danie/Repositories/DLEngine/checkpoints/comparison_v4/seed_57/student_distilled_pruned_25.pt,7475,0.22956521739130434,0.451505016722408,2.8486258023239697,0.04665546119213104,0.21599875275596164,0.792607843875885,2970113,2949248,2211936,0.25,0.25,11.334019660949707,16.955326080322266,0.3654482999506096,,0.0,3.715533278998919,1,0.22998932764140875,0.46438100320170755,2.8305812446895504,0.3602945333598958,0.4157292133216591,"[0.4935491966898553, 0.4277172366467615, 0.35886939673218876, 0.40374118999655667, 0.3654482999506096, 0.3617196699876028, 0.3367997534223832]",57
student_distilled_pruned_50,student,combined,/mnt/c/Users/danie/Repositories/DLEngine/checkpoints/comparison_v4/seed_57/student_distilled_pruned_50.pt,7475,0.23745819397993312,0.4527090301003345,2.8315568453173174,0.05814944580197334,0.2411419619269391,0.7345378398895264,2970113,2949248,1474624,0.5,0.5,11.334019660949707,11.330081939697266,0.388809569994919,,0.0,4.242466152005363,1,0.23999466382070436,0.4579775880469584,2.8153715764700156,0.3868393433125069,0.4045128966875685,"[0.4891877167392522, 0.4173295066963571, 0.388809569994919, 0.3870293100286896, 0.38664937659632415, 0.3751450666459277, 0.39169628667877987]",57
student_distilled_pruned_75,student,combined,/mnt/c/Users/danie/Repositories/DLEngine/checkpoints/comparison_v4/seed_57/student_distilled_pruned_75.pt,7475,0.2268896321070234,0.43130434782608695,2.8612268467013253,0.09477312862873077,0.3078524461957884,0.5382265448570251,2970113,2949248,737312,0.75,0.75,11.334019660949707,5.704837799072266,0.3846924100071192,,0.0,4.452822501014452,1,0.22825506937033085,0.4429028815368196,2.842537829562974,0.3743716266762931,0.4223647699594342,"[0.4482638232487564, 0.5025727000126304, 0.39646571667011204, 0.38217009336221963, 0.3846924100071192, 0.36134578675652546, 0.36657315999036655]",57
teacher_fp32,teacher,baseline,/mnt/c/Users/danie/Repositories/DLEngine/checkpoints/comparison_v4/seed_67/teacher_fp32.pt,7475,0.23906354515050168,0.4508361204013378,2.837145658990611,0.046029433608055115,0.21454471237496187,0.793979287147522,12212225,12190208,12190208,0.0,,46.58998394012451,,2.3493745534021095,0.8416317200559812,309.6650390625,100.55673992601805,13,0.24773212379935966,0.4637139807897545,2.8240411663258977,2.3370582083104336,2.4863967233492685,"[2.49864264333155, 2.5400451432991153, 2.3493745534021095, 2.319798186654225, 2.340963280003052, 2.3331531366178146, 2.4741508033669866]",67
student_direct,student,direct_training,/mnt/c/Users/danie/Repositories/DLEngine/checkpoints/comparison_v4/seed_67/student_direct.pt,7475,0.23076923076923078,0.44066889632107026,2.8623610066251213,0.04635225608944893,0.21529574099235899,0.7948452830314636,2970113,2949248,2949248,0.0,,11.334151268005371,,0.34869235668641824,0.1392426532887233,208.97412109375,74.47122933101491,20,0.23452508004268943,0.4521077908217716,2.84677242800164,0.34291860831823817,0.3498423449733915,"[0.40497875326157856, 0.34331953997025266, 0.3301353000764114, 0.34869235668641824, 0.3500423699733801, 0.34964231997340295, 0.34251767666622374]",67
student_distilled,student,distillation,/mnt/c/Users/danie/Repositories/DLEngine/checkpoints/comparison_v4/seed_67/student_distilled_a0p50_t2p0.pt,7475,0.2123076923076923,0.44321070234113713,2.845857919737647,0.04716726392507553,0.21718025675709,0.7928116917610168,2970113,2949248,2949248,0.0,,11.334399223327637,,0.36139380662158754,0.17402543996771178,253.2626953125,92.71473419500398,20,0.21344717182497333,0.4599786552828175,2.8312858056869423,0.35472226663841866,0.36847774502045166,"[0.3677486300390835, 0.3591338299641696, 0.37502323335502297, 0.36920686000181985, 0.36139380662158754, 0.3503107033126677, 0.3374936666417246]",67
teacher_int8,teacher,quantization,/mnt/c/Users/danie/Repositories/DLEngine/checkpoints/comparison_v4/seed_67/teacher_int8.pt,7475,0.23036789297658863,0.45096989966555184,2.8370101264647416,0.04620055854320526,0.2149431518872031,0.7931771278381348,12212225,12190208,12190208,0.0,,11.716753959655762,,0.46145261003402993,,0.0,0.0,0,0.23665955176093917,0.4626467449306297,2.824176416325849,0.44384976999329717,0.5481943283424091,"[0.46145261003402993, 0.4436613933648914, 0.4440381466217029, 0.44104263331973925, 0.515253646687294, 0.6693110399646685, 0.5811350099975243]",67
teacher_control,teacher,control,/mnt/c/Users/danie/Repositories/DLEngine/checkpoints/comparison_v4/seed_67/teacher_control.pt,7475,0.25270903010033446,0.45591973244147155,2.830736650734841,0.04442255571484566,0.21076659060402733,0.8037329316139221,12212225,12190208,12190208,0.0,,46.5896577835083,,2.3083127066881084,,0.0,7.642102407000493,1,0.25773745997865527,0.47251867662753466,2.8183130327385544,2.109332033287501,2.372183838354734,"[2.410444766671086, 2.8002010133544295, 2.333922910038382, 2.3083127066881084, 2.144223469949793, 2.074440596625209, 2.0619618733568736]",67
teacher_pruned_25,teacher,pruning,/mnt/c/Users/danie/Repositories/DLEngine/checkpoints/comparison_v4/seed_67/teacher_pruned_25.pt,7475,0.25297658862876254,0.45591973244147155,2.8316833597840274,0.0442364364862442,0.21032459791057298,0.8057888746261597,12212225,12190208,9142656,0.25,0.25,46.58968448638916,69.83691787719727,2.2343309865876413,,0.0,7.915519198984839,1,0.25693703308431165,0.47118463180362863,2.82048701400309,2.1348803283278057,2.320610011617343,"[2.161999433301389, 2.432973626710009, 2.2343309865876413, 2.3429364332696423, 2.1042272366078882, 2.107761223354222, 2.298283589965043]",67
teacher_pruned_50,teacher,pruning,/mnt/c/Users/danie/Repositories/DLEngine/checkpoints/comparison_v4/seed_67/teacher_pruned_50.pt,7475,0.24615384615384617,0.4576588628762542,2.827550346731741,0.04301367700099945,0.20739738908915764,0.8096889853477478,12212225,12190208,6095104,0.5,0.5,46.58968448638916,46.585941314697266,2.1395990200107917,,0.0,7.508545365999453,1,0.25373532550693706,0.46691568836712916,2.8163964473577803,2.0439130716840737,2.2309381849966785,"[2.018652429978829, 2.4334897900310657, 2.1395990200107917, 2.1818234533808814, 2.280052916612476, 2.0691737133893184, 1.9685772966477089]",67
teacher_pruned_75,teacher,pruning,/mnt/c/Users/danie/Repositories/DLEngine/checkpoints/comparison_v4/seed_67/teacher_pruned_75.pt,7475,0.2454849498327759,0.45444816053511705,2.8201139413074507,0.054583001881837845,0.23363005346452723,0.7726559638977051,12212225,12190208,3047552,0.75,0.75,46.58968448638916,23.334964752197266,2.073610136673475,,0.0,7.765930182999,1,0.2502668089647812,0.45957844183564567,2.807671449227674,2.047605598345399,2.2036952700000256,"[2.1787102966724583, 2.3342805100643695, 2.228680243327593, 2.024606856672714, 2.0355424400380193, 2.073610136673475, 2.0596687566527785]",67
student_distilled_int8,student,combined,/mnt/c/Users/danie/Repositories/DLEngine/checkpoints/comparison_v4/seed_67/student_distilled_int8.pt,7475,0.21498327759197325,0.4446822742474916,2.845621918037185,0.047056905925273895,0.21692603791447881,0.7904272675514221,2970113,2949248,2949248,0.0,,2.8996877670288086,,0.23985662662501758,,0.0,0.0,0,0.2133137673425827,0.4578441835645678,2.8314953018278044,0.23752141001750715,0.2644331183303924,"[0.27663767667642486, 0.3080448366623993, 0.2522285599843599, 0.23902346001705155, 0.23985662662501758, 0.23601936001796275, 0.21926590998191386]",67
student_distilled_control,student,control,/mnt/c/Users/danie/Repositories/DLEngine/checkpoints/comparison_v4/seed_67/student_distilled_control.pt,7475,0.24093645484949833,0.4450836120401338,2.844983098116208,0.04606350511312485,0.21462410189241293,0.7961134910583496,2970113,2949248,2949248,0.0,,11.333992958068848,,0.4572841966485915,,0.0,4.0902738430013414,1,0.2434631803628602,0.4605122732123799,2.830533080319839,0.44815874333532213,0.48335103997184586,"[0.50782523661231, 0.37901535669031244, 0.44567918666871265, 0.4588768433313817, 0.45063830000193167, 0.5150030966615304, 0.4572841966485915]",67
student_distilled_pruned_25,student,combined,/mnt/c/Users/danie/Repositories/DLEngine/checkpoints/comparison_v4/seed_67/student_distilled_pruned_25.pt,7475,0.23906354515050168,0.44481605351170567,2.8449605379455463,0.04588569700717926,0.21420946992880419,0.7960324287414551,2970113,2949248,2211936,0.25,0.25,11.334019660949707,16.955326080322266,0.41495112333601963,,0.0,4.203164520993596,1,0.23999466382070436,0.4579775880469584,2.829605625431464,0.40572407500197494,0.4532697299631157,"[0.4572059899995414, 0.3986822733228716, 0.45605298995117965, 0.3730101733041617, 0.4127658766810782, 0.45048646997505176, 0.41495112333601963]",67
student_distilled_pruned_50,student,combined,/mnt/c/Users/danie/Repositories/DLEngine/checkpoints/comparison_v4/seed_67/student_distilled_pruned_50.pt,7475,0.23438127090301003,0.4402675585284281,2.837841510358064,0.05549865588545799,0.23558152704628177,0.7513009905815125,2970113,2949248,1474624,0.5,0.5,11.334019660949707,11.330081939697266,0.45031564669140306,,0.0,4.253691878984682,1,0.23439167556029883,0.45384204909284953,2.8243900879724557,0.4093081616641333,0.4552245383092668,"[0.4717399799847044, 0.4235257366478133, 0.380629059994438, 0.45183110662037507, 0.4586179699981585, 0.45031564669140306, 0.39509058668045327]",67
student_distilled_pruned_75,student,combined,/mnt/c/Users/danie/Repositories/DLEngine/checkpoints/comparison_v4/seed_67/student_distilled_pruned_75.pt,7475,0.19652173913043477,0.42782608695652175,2.864912341765337,0.08643750101327896,0.2940025527325893,0.6059388518333435,2970113,2949248,737312,0.75,0.75,11.334019660949707,5.704837799072266,0.39826606332402054,,0.0,3.884395738976309,1,0.20104055496264675,0.43836712913553894,2.8535388732287266,0.38930458831600845,0.44042340164499666,"[0.5210651333133379, 0.3903452866749528, 0.39826606332402054, 0.4592783166056809, 0.3882638899570641, 0.4215684866843124, 0.3668634400431377]",67
teacher_fp32,teacher,baseline,/mnt/c/Users/danie/Repositories/DLEngine/checkpoints/comparison_v4/seed_77/teacher_fp32.pt,7475,0.2082943143812709,0.4504347826086956,2.838636225984248,0.04905648157000542,0.22148697833056782,0.7791907787322998,12212225,12190208,12190208,0.0,,46.58998394012451,,2.2982289366579303,0.6023880733603922,309.6650390625,94.43040988800931,13,0.2131803628601921,0.4694503735325507,2.816727294484223,2.1996767866464024,2.3718534866444925,"[2.4161904400292165, 2.4438606500431583, 2.327516533259768, 2.1169234266077788, 2.2982289366579303, 2.1523300266320198, 2.2470235466607846]",77
student_direct,student,direct_training,/mnt/c/Users/danie/Repositories/DLEngine/checkpoints/comparison_v4/seed_77/student_direct.pt,7475,0.23879598662207357,0.4430769230769231,2.8590494108040594,0.051163457334041595,0.2261934069199224,0.7710303664207458,2970113,2949248,2949248,0.0,,11.334151268005371,,0.3465781399669747,0.1674133667256683,208.97412109375,75.76923869800521,20,0.24466382070437567,0.45957844183564567,2.8397323851142646,0.34034958832004725,0.35479248331588076,"[0.3394193166362432, 0.34686373663134873, 0.36272123000041273, 0.33130345002670464, 0.365367293319044, 0.34127986000385135, 0.3465781399669747]",77
student_distilled,student,distillation,/mnt/c/Users/danie/Repositories/DLEngine/checkpoints/comparison_v4/seed_77/student_distilled_a0p50_t2p0.pt,7475,0.23892976588628762,0.44668896321070234,2.847917080403969,0.04792502894997597,0.218917858910542,0.785478949546814,2970113,2949248,2949248,0.0,,11.334399223327637,,0.37433752334133413,0.19161813999138153,252.6376953125,86.61027754101087,20,0.24719850586979722,0.45570971184631803,2.8315645523743034,0.3659826116927434,0.39669670329506823,"[0.467537419948106, 0.4114038433181122, 0.3819895632720242, 0.36660151003161445, 0.37433752334133413, 0.33970942662563175, 0.3653637133538723]",77
teacher_int8,teacher,quantization,/mnt/c/Users/danie/Repositories/DLEngine/checkpoints/comparison_v4/seed_77/teacher_int8.pt,7475,0.2151170568561873,0.4511036789297659,2.8387867123785626,0.0489429235458374,0.22123047607831386,0.7794949412345886,12212225,12190208,12190208,0.0,,11.716753959655762,,0.5315071800335621,,0.0,0.0,0,0.22465314834578443,0.46878335112059766,2.816874929018947,0.4878208850277588,0.596210710015536,"[0.4822193333529867, 0.4874790566585337, 0.5315071800335621, 0.48816271339698386, 0.6070071199792437, 0.6410008366219699, 0.5854143000518283]",77
teacher_control,teacher,control,/mnt/c/Users/danie/Repositories/DLEngine/checkpoints/comparison_v4/seed_77/teacher_control.pt,7475,0.21899665551839465,0.4287625418060201,2.8333937114218006,0.04668683186173439,0.21607135826327004,0.79157954454422,12212225,12190208,12190208,0.0,,46.5896577835083,,2.248748816685596,,0.0,7.207763110025553,1,0.22598719316969051,0.44330309498399145,2.815198064486525,2.2141913600110756,2.3163700267226277,"[2.20223272665559, 2.6390600233571604, 2.248748816685596, 2.289823786704801, 2.226149993366562, 2.342916266740455, 2.179026313339515]",77
teacher_pruned_25,teacher,pruning,/mnt/c/Users/danie/Repositories/DLEngine/checkpoints/comparison_v4/seed_77/teacher_pruned_25.pt,7475,0.24053511705685618,0.45672240802675584,2.8320062845287515,0.04632812738418579,0.2152396975099756,0.7927159070968628,12212225,12190208,9142656,0.25,0.25,46.58968448638916,69.83691787719727,2.2640135033482998,,0.0,7.784530838980572,1,0.24466382070437567,0.4705176093916756,2.8136058181937758,2.22163880665903,2.3104732933279593,"[2.3164489866273166, 2.4178848599937433, 2.143003773332263, 2.2056694366619922, 2.2640135033482998, 2.304497600028602, 2.2376081766560674]",77
teacher_pruned_50,teacher,pruning,/mnt/c/Users/danie/Repositories/DLEngine/checkpoints/comparison_v4/seed_77/teacher_pruned_50.pt,7475,0.2254180602006689,0.45953177257525085,2.831576548515754,0.0462244413793087,0.21499870087818834,0.7957313060760498,12212225,12190208,6095104,0.5,0.5,46.58968448638916,46.585941314697266,2.2688950667118966,,0.0,7.703067731985357,1,0.22985592315901815,0.47198505869797225,2.8119160963606045,2.2572372483167173,2.3280985600043396,"[2.2763162932824343, 2.3798808267262452, 2.2688950667118966, 2.2067670133158876, 2.2591883233205103, 2.255286173312925, 2.4409106600796804]",77
teacher_pruned_75,teacher,pruning,/mnt/c/Users/danie/Repositories/DLEngine/checkpoints/comparison_v4/seed_77/teacher_pruned_75.pt,7475,0.24,0.45137123745819396,2.8234918444770636,0.05606351047754288,0.23677734367448014,0.7625720500946045,12212225,12190208,3047552,0.75,0.75,46.58968448638916,23.334964752197266,2.201127666727795,,0.0,7.925285837991396,1,0.2434631803628602,0.46384738527214514,2.8057339832647887,2.172274528323517,2.307478941656882,"[2.165797619963996, 2.4801276467042044, 2.3361016733300253, 2.2788562099837386, 2.0231824399282536, 2.1787514366830387, 2.201127666727795]",77
student_distilled_int8,student,combined,/mnt/c/Users/danie/Repositories/DLEngine/checkpoints/comparison_v4/seed_77/student_distilled_int8.pt,7475,0.23478260869565218,0.4462876254180602,2.8486528131555153,0.0501522421836853,0.22394696288113689,0.7772766351699829,2970113,2949248,2949248,0.0,,2.8996877670288086,,0.23407605670702955,,0.0,0.0,0,0.2390608324439701,0.45584311632870866,2.832199449854701,0.2092146699821266,0.2552776583373392,"[0.27106342332748073, 0.26383975996092585, 0.24671555671375245, 0.2099881933342355, 0.23407605670702955, 0.2084411466300177, 0.20647151657612994]",77
student_distilled_control,student,control,/mnt/c/Users/danie/Repositories/DLEngine/checkpoints/comparison_v4/seed_77/student_distilled_control.pt,7475,0.2105685618729097,0.44749163879598663,2.8474055020386557,0.047540921717882156,0.2180388078253093,0.7876210808753967,2970113,2949248,2949248,0.0,,11.333992958068848,,0.381035739944006,,0.0,4.089056877011899,1,0.2213180362860192,0.4582443970117396,2.8305471037597005,0.3651003683626186,0.4180525666257987,"[0.45413607993396, 0.4635483732757469, 0.381035739944006, 0.3819690533176375, 0.3687808700487949, 0.3614198666764423, 0.3398429266720389]",77
student_distilled_pruned_25,student,combined,/mnt/c/Users/danie/Repositories/DLEngine/checkpoints/comparison_v4/seed_77/student_distilled_pruned_25.pt,7475,0.20735785953177258,0.44949832775919735,2.8446912398705115,0.04668740928173065,0.21607269443807714,0.7923679351806641,2970113,2949248,2211936,0.25,0.25,11.334019660949707,16.955326080322266,0.36373976336714503,,0.0,3.8880535599892028,1,0.21371398078975454,0.45904482390608325,2.828317497939412,0.35852318168811814,0.40016496665581747,"[0.5128303866755838, 0.4251224732918975, 0.3582107867502297, 0.3752074600197375, 0.34231915332687396, 0.36373976336714503, 0.3588355766260065]",77
student_distilled_pruned_50,student,combined,/mnt/c/Users/danie/Repositories/DLEngine/checkpoints/comparison_v4/seed_77/student_distilled_pruned_50.pt,7475,0.2125752508361204,0.43933110367892975,2.840990135741473,0.061480190604925156,0.247951992540744,0.7212318181991577,2970113,2949248,1474624,0.5,0.5,11.334019660949707,11.330081939697266,0.3894259933925544,,0.0,4.173423640982946,1,0.21851654215581642,0.4503735325506937,2.8258607262862783,0.3856275066694555,0.4318626033394442,"[0.45220847668436664, 0.48649696992166963, 0.3894259933925544, 0.375191229977645, 0.3856965933421937, 0.41151672999452177, 0.3855584199967173]",77
student_distilled_pruned_75,student,combined,/mnt/c/Users/danie/Repositories/DLEngine/checkpoints/comparison_v4/seed_77/student_distilled_pruned_75.pt,7475,0.22301003344481604,0.4271571906354515,2.8727951728859074,0.0898987278342247,0.29983116554858785,0.5698589086532593,2970113,2949248,737312,0.75,0.75,11.334019660949707,5.704837799072266,0.34670416003791615,,0.0,4.441659864009125,1,0.2294557097118463,0.4389007470651014,2.8558639421534258,0.3387754199987588,0.4078631716644546,"[0.46335455001099035, 0.46070242999121547, 0.3357608699783062, 0.34670416003791615, 0.33580052326821413, 0.35502391333769384, 0.34175031672930345]",77
